,Dataset,NB,Bert_1,Albert_1,XLNet_1
0,SMS_2,90.10416666666666,"{'accuracy': 0.9227557411273486, 'f1': 0.54320987654321}","{'accuracy': 0.954070981210856, 'f1': 0.8307692307692307}","{'accuracy': 0.9707724425887265, 'f1': 0.8703703703703702}"
