,NB,Bert_1,Albert_1,XLNet_1
0,88.85,"{'accuracy': 0.9434, 'f1': 0.9646205775721965}","{'accuracy': 0.9454, 'f1': 0.966091168798907}","{'accuracy': 0.942, 'f1': 0.9638403990024939}"
