,Dataset,NB,Bert_1,Albert_1,XLNet_1
0,SMS_2,0.017751455307006836,42.459484815597534,36.030343770980835,70.26482677459717
