,NB,Bert_1,Albert_1,XLNet_1
0,0.14816570281982422,418.91046833992004,393.6289710998535,633.4518136978149
