,Dataset,NB,Bert_1,Albert_1,XLNet_1
0,SMS_2,0.016056537628173828,44.35455775260925,39.18808054924011,63.87120318412781
